teacher_id,first_name,last_name,hire_date,email,phone_number,salary
1,Abigail,Cochran,2021-06-21,Abigail_Cochran@northwood.com,749.273.7210x63533,93418.73
2,Bobby,Skinner,2022-10-21,Bobby_Skinner@northwood.com,2057385537,102533.03
3,Mary,Duncan,2021-10-19,Mary.Duncan@northwood.com,+1-683-663-0062x0897,53930.79
4,Jessica,Cooper,2025-06-06,Jessica.Cooper@northwood.com,001-984-271-5294x74626,60323.02
5,Tammy,Mason,2021-01-12,Tammy_Mason@northwood.com,589-913-5574x14146,50601.22
6,Madison,Kelly,2020-03-28,Madison_Kelly@northwood.com,001-501-849-3364,78316.7
7,Derek,Lawrence,2020-06-23,Derek_Lawrence@northwood.com,525-696-9317x0420,110719.97
8,Angel,Bryant,2024-04-17,Angel_Bryant@northwood.com,(537)306-6341x43494,64133.76
9,Carrie,Combs,2023-06-13,Carrie_Combs@northwood.com,973-371-1801x25607,101039.9
10,Brandon,Fernandez,2025-07-01,Brandon_Fernandez@northwood.com,(832)213-7428,111765.35
11,Miguel,Gonzalez,2025-08-31,Miguel_Gonzalez@northwood.com,(891)557-0076x84534,78296.95
12,Victor,Baker,2025-07-22,Victor.Baker@northwood.com,3233566097,113224.03
13,Ricky,Bryant,2025-08-19,Ricky_Bryant@northwood.com,936-727-1429,115915.42
14,Ellen,Cooper,2021-02-11,Ellen_Cooper@northwood.com,+1-836-482-9908x570,50643.78
15,Brianna,Rodriguez,2025-05-03,Brianna.Rodriguez@northwood.com,+1-456-632-2043x1275,53231.64
16,Cheryl,Murray,2020-04-10,Cheryl.Murray@northwood.com,674-242-6144x4535,81547.34
17,Cassandra,Matthews,2021-04-01,Cassandra_Matthews@northwood.com,(376)795-3682,69444.65
18,Randy,Waters,2025-06-30,Randy_Waters@northwood.com,980.777.5853x478,117596.86
19,Scott,Miller,2025-05-06,Scott_Miller@northwood.com,(838)291-0768x973,52499.0
20,Johnny,Guzman,2023-06-19,Johnny.Guzman@northwood.com,588.230.7003,74764.94
21,Sarah,Kemp,2024-06-22,Sarah_Kemp@northwood.com,2355063715,70167.74
22,Jonathan,Cook,2021-02-25,Jonathan.Cook@northwood.com,(398)387-2194,73949.89
23,Stephanie,Lester,2025-02-18,Stephanie_Lester@northwood.com,677-713-3490x51634,111375.82
24,Brandon,Rodriguez,2023-03-13,Brandon_Rodriguez@northwood.com,775-363-2703x10931,62743.73
25,Todd,Price,2023-02-14,Todd_Price@northwood.com,001-635-280-6534x464,67529.23
26,Melissa,Bishop,2022-11-03,Melissa_Bishop@northwood.com,335.991.1103x01577,80855.5
27,Adam,Green,2021-01-18,Adam.Green@northwood.com,001-776-396-4945x58022,113242.15
28,Ryan,Nelson,2022-01-23,Ryan.Nelson@northwood.com,645.305.9920,88226.29
29,Eric,Hanson,2024-10-21,Eric_Hanson@northwood.com,(379)995-2642x476,107330.05
30,Kenneth,Brown,2025-10-04,Kenneth.Brown@northwood.com,001-681-697-9208x68992,111605.68
31,Andrew,Stein,2021-12-24,Andrew_Stein@northwood.com,+1-441-789-0200x20221,54362.73
32,Michael,Lang,2025-05-15,Michael_Lang@northwood.com,+1-627-530-6856x18133,88386.79
33,Colin,Brewer,2023-02-26,Colin_Brewer@northwood.com,965.966.0964,51981.3
34,Jessica,Gaines,2025-10-25,Jessica_Gaines@northwood.com,283-964-6079x98315,63459.48
35,John,Snyder,2022-01-03,John.Snyder@northwood.com,001-364-427-1209x5689,94834.82
36,Laura,Hall,2020-02-15,Laura.Hall@northwood.com,603.907.8318x20968,80407.6
37,Terry,Allen,2021-03-01,Terry.Allen@northwood.com,001-794-493-7687,71572.76
38,Tara,Davis,2021-10-12,Tara.Davis@northwood.com,812.249.3893,86644.08
39,Zachary,Williams,2022-06-06,Zachary_Williams@northwood.com,261.578.5946x76200,59910.56
40,Vanessa,Jones,2025-02-07,Vanessa_Jones@northwood.com,(317)377-9835,81781.8
41,Melanie,Webb,2020-10-20,Melanie.Webb@northwood.com,377.407.8738,66502.61
42,Angela,Coleman,2020-04-19,Angela_Coleman@northwood.com,(212)327-0539x840,93206.35
43,Cindy,Walton,2024-09-19,Cindy.Walton@northwood.com,2507397727,68370.23
44,Michael,Bennett,2023-06-11,Michael.Bennett@northwood.com,392.363.4657,53007.75
45,Joseph,Diaz,2020-07-09,Joseph.Diaz@northwood.com,001-552-743-3556x879,105578.1
46,Jack,Carpenter,2022-06-13,Jack_Carpenter@northwood.com,(758)918-8865,111838.6
47,Katherine,Hill,2024-10-14,Katherine_Hill@northwood.com,703.879.1061x4378,53452.15
48,Julie,Schultz,2023-02-03,Julie_Schultz@northwood.com,001-439-838-0036x653,81186.22
49,Heidi,Brown,2022-11-18,Heidi_Brown@northwood.com,946-648-4211x54416,52882.59
50,Alan,Parker,2023-04-06,Alan_Parker@northwood.com,684-736-6826x9418,65078.28
51,April,Larson,2025-02-02,April.Larson@northwood.com,+1-762-624-3524x6107,80762.19
52,Joseph,Bowman,2023-02-09,Joseph.Bowman@northwood.com,394.201.6811,88500.04
53,Mike,Hernandez,2024-05-19,Mike.Hernandez@northwood.com,(486)756-6863,92358.06
54,Victoria,Green,2025-09-24,Victoria_Green@northwood.com,435.770.4252,52770.28
55,Kenneth,Johnson,2021-09-20,Kenneth_Johnson@northwood.com,+1-589-987-7457,91723.38
56,Matthew,Horn,2020-08-16,Matthew_Horn@northwood.com,458-970-6269x72119,74417.31
57,Cynthia,Brown,2023-10-22,Cynthia_Brown@northwood.com,951-272-9303x865,114016.52
58,Anthony,Cruz,2023-01-09,Anthony_Cruz@northwood.com,+1-749-215-3446x272,105542.97
59,Christina,Sanchez,2023-06-07,Christina_Sanchez@northwood.com,572-245-5747x850,79506.77
60,John,Freeman,2023-03-30,John.Freeman@northwood.com,001-477-800-9119x69944,50808.32
61,Allison,Weaver,2020-02-06,Allison_Weaver@northwood.com,001-412-933-7441x2515,77333.23
62,Heather,Tucker,2020-11-25,Heather.Tucker@northwood.com,495.221.2950x6620,53228.99
63,Matthew,Wright,2021-08-21,Matthew.Wright@northwood.com,871-503-2649,91302.44
64,Selena,Wise,2025-09-24,Selena.Wise@northwood.com,854.738.0848,108233.8
65,Alan,Mendez,2020-07-27,Alan.Mendez@northwood.com,(612)472-6320,107223.5
66,Theresa,Gilmore,2024-02-16,Theresa_Gilmore@northwood.com,001-467-346-6358x1041,101850.81
67,Jody,Murillo,2022-07-02,Jody.Murillo@northwood.com,+1-341-370-4026x47477,67482.08
68,Kylie,Miller,2024-02-22,Kylie.Miller@northwood.com,001-619-607-5779x660,50533.46
69,Lisa,Wood,2020-02-11,Lisa_Wood@northwood.com,+1-805-276-5995x3748,105203.25
70,Marisa,Bush,2025-08-04,Marisa.Bush@northwood.com,703.655.5437x62398,85547.31
71,Richard,Baker,2023-02-11,Richard_Baker@northwood.com,458-892-4248,50377.67
72,Jennifer,Poole,2025-09-01,Jennifer_Poole@northwood.com,001-214-234-6017,81558.08
73,Misty,Morris,2023-11-06,Misty_Morris@northwood.com,001-968-315-3679x290,87601.94
74,Natalie,Kennedy,2022-08-01,Natalie_Kennedy@northwood.com,618.287.0067,102988.27
75,Roger,Harris,2024-11-10,Roger_Harris@northwood.com,001-697-914-3122x0236,74481.42
